Key,English,Portuguese
PROPCTRL_TXT_000000,Small Treasure Chest,Baú de Tesouros - Pequeno
PROPCTRL_TXT_000002,Small Treasure Chest(Vertical),Baú de Tesouros - Pequeno e Vertical
PROPCTRL_TXT_000004,FlDungeon Lever,Alavanca - FlDungeon
PROPCTRL_TXT_000006,FlDungeon Gate,Portão - FlDungeon
PROPCTRL_TXT_000008,Keakoon Prison,Prisão Keakoon
PROPCTRL_TXT_000010,Chimeradon Prison,Prisão Quimeradon
PROPCTRL_TXT_000012,Meteonyker Prison,Prisão Meteonyker
PROPCTRL_TXT_000014,Pink Roach Egg,Ovo - Barata Rosa
PROPCTRL_TXT_000016,Blue Roach Egg,Ovo - Barata Azul
PROPCTRL_TXT_000028,Warp Machine,Máquina de Teleporte
PROPCTRL_TXT_000030,Warp Board 1,Plataforma de Teleporte 1
PROPCTRL_TXT_000032,Warp Board 2,Plataforma de Teleporte 2
PROPCTRL_TXT_000034,Warp Board 3,Plataforma de Teleporte 3
PROPCTRL_TXT_000036,Exp Box,Caixa de Experiência
PROPCTRL_TXT_000037,Harvest Plant 01,Planta 1 - Colheita
PROPCTRL_TXT_000038,Harvest Plant 02,Planta 2 - Colheita
PROPCTRL_TXT_000039,Harvest Plant 03,Planta 3 - Colheita
PROPCTRL_TXT_000040,Harvest Plant 04,Planta 4 - Colheita
PROPCTRL_TXT_000041,Children in cage,Criança na Gaiola
PROPCTRL_TXT_000042,Pet Cage 01,Gaiola de Mascote 1
PROPCTRL_TXT_000043,Pet Cage 02,Gaiola de Mascote 2
PROPCTRL_TXT_000044,Pet Cage 03,Gaiola de Mascote 3
PROPCTRL_TXT_000045,Pet Cage 04,Gaiola de Mascote 4
PROPCTRL_TXT_000046,Pet Cage 05,Gaiola de Mascote 5
PROPCTRL_TXT_000047,Pet Cage 06,Gaiola de Mascote 6
PROPCTRL_TXT_000048,Pet Cage 07,Gaiola de Mascote 7
PROPCTRL_TXT_000049,Dungeon Warp 01,Teleporte de Masmorra 1
PROPCTRL_TXT_000050,Dungeon Warp 02,Teleporte de Masmorra 2
PROPCTRL_TXT_000051,Dungeon Warp 03,Teleporte de Masmorra 3
PROPCTRL_TXT_000052,Dungeon Warp 04,Teleporte de Masmorra 4
PROPCTRL_TXT_000053,Straight Palm Tree,Palmeira (Reta)
PROPCTRL_TXT_000054,Leaning Palm Tree,Palmeira (Torta)
PROPCTRL_TXT_000055,Branch Coral,Coral (Ramificado)
PROPCTRL_TXT_000056,Round Red Coral,Coral (Vermelho)
PROPCTRL_TXT_000057,Leren Chasm Chest,Baú - Abismo de Leren
PROPCTRL_TXT_000058,Rhisis Catacombs Chest,Baú - Masmorra de Rhisis
PROPCTRL_TXT_000059,Envy Depths Chest,Baú - Profundezas da Avareza
PROPCTRL_TXT_000060,Guardiane Sanctuary Chest,Baú - Santuário de Gardiane
PROPCTRL_TXT_000061,Storm Peak Chest,Baú - Pico Tempestuoso
PROPCTRL_TXT_000062,The Wilds Chest,Baú - Selvabruta
PROPCTRL_TXT_000063,Dungeon Warp 05,Teleporte de Masmorra 5
PROPCTRL_TXT_000064,Dungeon Warp 06,Teleporte de Masmorra 6
PROPCTRL_TXT_000065,Ship Wheel,Leme
PROPCTRL_TXT_000066,Cushion Chair,Cadeira Almofadada
PROPCTRL_TXT_000067,Spinning Globe,Globo Giratório
PROPCTRL_TXT_000068,Compass,Bússola
PROPCTRL_TXT_000069,Chandelier,Candelabro
PROPCTRL_TXT_000070,Command Desk,Mesa de Comando
PROPCTRL_TXT_000071,Command Platform,Plataforma de Comando
PROPCTRL_TXT_000072,Small Table,Mesa Pequena
PROPCTRL_TXT_000073,Drawer,Gaveta
PROPCTRL_TXT_000074,Twin Bed,Cama de Solteiro
PROPCTRL_TXT_000075,Incident Painting,Pintura (Incidente)
PROPCTRL_TXT_000076,Home Painting,Pintura (Casa)
PROPCTRL_TXT_000077,Metaverse Ball,Bola - Metaverso
PROPCTRL_TXT_000078,Metaverse Bath Rug,Tapete de Banho - Metaverso
PROPCTRL_TXT_000079,Metaverse Twin Bed,Cama de Solteiro - Metaverso
PROPCTRL_TXT_000080,Metaverse King Bed,Cama Imperial - Metaverso
PROPCTRL_TXT_000081,Metaverse Single Bed,Cama de Solteiro - Metaverso
PROPCTRL_TXT_000082,Metaverse Beer Cup,Copo Espumante - Metaverso
PROPCTRL_TXT_000083,Metaverse Bench,Banco - Metaverso
PROPCTRL_TXT_000084,Metaverse Candle,Vela - Metaverso
PROPCTRL_TXT_000085,Metaverse Cat Supplies,Comida de Gatos - Metaverso
PROPCTRL_TXT_000086,Metaverse Chair,Cadeira - Metaverso
PROPCTRL_TXT_000087,Metaverse Basic Desk,Mesa Básica - Metaverso
PROPCTRL_TXT_000088,Metaverse Wooden Desk,Mesa de Madeira - Metaverso
PROPCTRL_TXT_000089,Metaverse Boss Desk,Mesa do Chefe - Metaverso
PROPCTRL_TXT_000090,Metaverse Student Desk,Mesa de Estudante - Metaverso
PROPCTRL_TXT_000091,Metaverse Pencil Case,Estojo de Lápis - Metaverso
PROPCTRL_TXT_000092,Metaverse Plant,Planta - Metaverso
PROPCTRL_TXT_000093,Metaverse Tree Pot,Vaso de Árvore - Metaverso
PROPCTRL_TXT_000094,Metaverse Slippers,Chinelos - Metaverso
PROPCTRL_TXT_000095,Metaverse Single Sofa,Sofá de Solteiro - Metaverso
PROPCTRL_TXT_000096,Metaverse Pouffe Seat,Assento Pufe - Metaverso
PROPCTRL_TXT_000097,Metaverse Sofa,Sofá - Metaverso
PROPCTRL_TXT_000098,Metaverse Round Table,Mesa Redonda - Metaverso
PROPCTRL_TXT_000099,Metaverse Storage Table,Mesa Depósito - Metaverso
PROPCTRL_TXT_000100,Metaverse Decorative Table,Mesa Decorativa - Metaverso
PROPCTRL_TXT_000101,Metaverse Violin,Violino - Metaverso
PROPCTRL_TXT_000102,Wooden Yellow Chair,Cadeira (Amarela) - Madeira
PROPCTRL_TXT_000103,Wooden Yellow Table,Mesa de Madeira (Amarela)
PROPCTRL_TXT_000104,Wooden Yellow Dressing Table,Penteadeira Madeira (Amarela)
PROPCTRL_TXT_000105,Wooden Yellow Closet,Guarda-roupa de Madeira (Amarelo)
PROPCTRL_TXT_000106,Wooden Yellow Bench,Banco de Madeira (Amarelo)
PROPCTRL_TXT_000107,Wooden Yellow Cabinet,Armário de Madeira (Amarelo)
PROPCTRL_TXT_000108,Wooden Yellow Bed,Cama de Madeira (Amarela)
PROPCTRL_TXT_000109,Wooden Blue Chair,Cadeira de Madeira (Azul)
PROPCTRL_TXT_000110,Wooden Blue Table,Mesa de Madeira (Azul)
PROPCTRL_TXT_000111,Wooden Blue Dressing Table,Penteadeira de Madeira (Azul)
PROPCTRL_TXT_000112,Wooden Blue Closet,Guarda-roupa de Madeira (Azul)
PROPCTRL_TXT_000113,Wooden Blue Bench,Banco de Madeira (Azul)
PROPCTRL_TXT_000114,Wooden Blue Cabinet,Armário de Madeira (Azul)
PROPCTRL_TXT_000115,Wooden Blue Bed,Cama de Madeira (Azul)
PROPCTRL_TXT_000116,Wooden Red Chair,Cadeira de Madeira (Vermelha)
PROPCTRL_TXT_000117,Wooden Red Table,Mesa de Madeira (Vermelha)
PROPCTRL_TXT_000118,Wooden Red Dressing Table,Penteadeira de Madeira (Vermelha)
PROPCTRL_TXT_000119,Wooden Red Closet,Guarda-roupa de Madeira (Vermelho)
PROPCTRL_TXT_000120,Wooden Red Bench,Banco de Madeira (Vermelho)
PROPCTRL_TXT_000121,Wooden Red Cabinet,Armário de Madeira (Vermelho)
PROPCTRL_TXT_000122,Wooden Red Bed,Cama de Madeira (Vermelha)
PROPCTRL_TXT_000123,Music Chair,Cadeira - Musical
PROPCTRL_TXT_000124,Music Table,Mesa - Musical
PROPCTRL_TXT_000125,Music Dressing Table,Penteadeira - Musical
PROPCTRL_TXT_000126,Music Wardrobe,Guarda-roupa - Musical
PROPCTRL_TXT_000127,Music Sofa,Sofá - Musical
PROPCTRL_TXT_000128,Music Cabinet,Armário - Musical
PROPCTRL_TXT_000129,Music Bed,Cama - Musical
PROPCTRL_TXT_000130,Heart Chair,Cadeira - Coração
PROPCTRL_TXT_000131,Heart Table,Mesa - Coração
PROPCTRL_TXT_000132,Heart Dressing Table,Penteadeira - Coração
PROPCTRL_TXT_000133,Heart Wardrobe,Guarda-roupa - Coração
PROPCTRL_TXT_000134,Heart Sofa,Sofá - Coração
PROPCTRL_TXT_000135,Heart Cabinet,Armário - Coração
PROPCTRL_TXT_000136,Heart Bed,Cama - Coração
PROPCTRL_TXT_000137,Modern Chair,Cadeira - Moderno
PROPCTRL_TXT_000138,Modern Table,Mesa - Moderno
PROPCTRL_TXT_000139,Modern Dressing Table,Penteadeira - Moderno
PROPCTRL_TXT_000140,Modern Wardrobe,Guarda-roupa - Moderno
PROPCTRL_TXT_000141,Modern Sofa,Sofá - Moderno
PROPCTRL_TXT_000142,Modern Cabinet,Armário - Moderno
PROPCTRL_TXT_000143,Modern Bed,Cama - Moderno
PROPCTRL_TXT_000144,Royal Chair,Cadeira - Nobreza
PROPCTRL_TXT_000145,Royal Table,Mesa - Nobreza
PROPCTRL_TXT_000146,Royal Dressing Table,Penteadeira - Nobreza
PROPCTRL_TXT_000147,Royal Wardrobe,Guarda-roupa - Nobreza
PROPCTRL_TXT_000148,Royal Sofa,Sofá - Nobreza
PROPCTRL_TXT_000149,Royal Bed,Cama - Nobreza
PROPCTRL_TXT_000150,Royal Drawer,Gaveta - Nobreza
PROPCTRL_TXT_000151,Royal Bookcase,Estante - Nobreza
PROPCTRL_TXT_000152,Royal Desk,Mesa de Escritório - Nobreza
PROPCTRL_TXT_000153,Royal Bath,Banheiro - Nobreza
PROPCTRL_TXT_000154,Golden Royal Chair,Cadeira - Nobreza (Dourado)
PROPCTRL_TXT_000155,Golden Royal Table,Mesa - Nobreza (Dourado)
PROPCTRL_TXT_000156,Golden Royal Dressing Table,Penteadeira - Nobreza (Dourado)
PROPCTRL_TXT_000157,Golden Royal Wardrobe,Guarda-roupa - Nobreza (Dourado)
PROPCTRL_TXT_000158,Golden Royal Sofa,Sofá - Nobreza (Dourado)
PROPCTRL_TXT_000159,Golden Royal Bed,Cama - Nobreza (Dourado)
PROPCTRL_TXT_000160,Golden Royal Drawer,Gaveta - Nobreza (Dourado)
PROPCTRL_TXT_000161,Golden Royal Bookcase,Estante - Nobreza (Dourado)
PROPCTRL_TXT_000162,Golden Royal Desk,Mesa de Escritório - Nobreza (Dourado)
PROPCTRL_TXT_000163,Golden Royal Bath,Banheiro - Nobreza (Dourado)
PROPCTRL_TXT_000164,Design Black Chair,Cadeira - Design (Preta) 
PROPCTRL_TXT_000165,Design White Chair,Cadeira - Design (Branca)
PROPCTRL_TXT_000166,Design Table,Mesa - Design
PROPCTRL_TXT_000167,Design Drawer,Gaveta - Design
PROPCTRL_TXT_000168,Design Bookcase,Estante - Design
PROPCTRL_TXT_000169,Design Sofa,Sofá - Design
PROPCTRL_TXT_000170,Wooden Chair,Cadeira - Madeira
PROPCTRL_TXT_000171,Wooden Table,Mesa - Madeira
PROPCTRL_TXT_000172,Wooden Drawer,Gaveta - Madeira
PROPCTRL_TXT_000173,Wooden Bookcase,Estante - Madeira
PROPCTRL_TXT_000174,Wooden Sofa,Sofá - Madeira
PROPCTRL_TXT_000175,Flaris Ground Field,Chão do Campo - Flaris
PROPCTRL_TXT_000176,Flaris Anvil,Bigorna - Flaris
PROPCTRL_TXT_000177,Flaris Bench,Banco - Flaris
PROPCTRL_TXT_000178,Flaris Chariot,Carroça - Flaris
PROPCTRL_TXT_000179,Flaris Fence 1,Cerca 1 - Flaris
PROPCTRL_TXT_000180,Flaris Floor Lamp,Luminária de Chão - Flaris
PROPCTRL_TXT_000181,Flaris Wall Lamp,Luminária de Parede - Flaris
PROPCTRL_TXT_000182,Flaris Pot 1,Vaso - Flaris
PROPCTRL_TXT_000183,Flaris Small Sign,Placa Pequena - Flaris
PROPCTRL_TXT_000184,Flaris Medium Sign,Placa Média - Flaris
PROPCTRL_TXT_000185,Flaris Large Sign,Placa Grande - Flaris
PROPCTRL_TXT_000186,Flaris Boat Sign,Placa de Barco - Flaris
PROPCTRL_TXT_000187,Flaris Rotating Sign,Placa Rotativa - Flaris
PROPCTRL_TXT_000188,Common Green Tree 1,Árvore Verde 1 - Simples
PROPCTRL_TXT_000189,Common Wooden Box 1,Caixa de Madeira 1 - Simples
PROPCTRL_TXT_000190,Common Wooden Box Pile 1,Pilha de Caixas 1 - Simples
PROPCTRL_TXT_000191,Common Wooden Barrel 1,Barril de Madeira 1 - Simples
PROPCTRL_TXT_000192,Common Wooden Barrel Pile 1,Pilha de Barris 1 - Simples
PROPCTRL_TXT_000193,Common Flowers 1,Flores 1 - Simples
PROPCTRL_TXT_000194,Common Grass 1,Grama 1 - Simples
PROPCTRL_TXT_000195,Common Mushroom 1,Cogumelo 1 - Simples
PROPCTRL_TXT_000196,Common Rock 1,Pedra 1 - Simples
PROPCTRL_TXT_000197,Common Autumn Tree,Árvore de Outono - Simples
PROPCTRL_TXT_000198,Common Sakura Tree 1,Árvore de Cerejeira 1 - Simples
PROPCTRL_TXT_000199,Common Burned Tree,Árvore Queimada - Simples
PROPCTRL_TXT_000200,St Morning Bench,Banco - Saint Morning
PROPCTRL_TXT_000201,St Morning Chariot,Carroça - Saint Morning
PROPCTRL_TXT_000202,St Morning Rock Arch 1,Arco de Pedra 1 - Saint Morning
PROPCTRL_TXT_000203,St Morning Flag 1,Bandeira 1 - Saint Morning
PROPCTRL_TXT_000204,St Morning Flower Bed,Canteiro de Flores - Saint Morning
PROPCTRL_TXT_000205,St Morning Rock 1,Pedra 1 - Saint Morning
PROPCTRL_TXT_000206,St Morning Light 1,Luz 1 - Saint Morning
PROPCTRL_TXT_000207,St Morning Sign,Placa - Saint Morning
PROPCTRL_TXT_000208,Darkon Wagon 1,Carroça 1 - Darkon
PROPCTRL_TXT_000209,Darkon Sign 1,Placa - Darkon
PROPCTRL_TXT_000210,Darkon Big Box 1,Caixa Grande 1 - Darkon
PROPCTRL_TXT_000211,Darkon Brown Rock 1,Pedra Marrom 1 - Darkon
PROPCTRL_TXT_000212,Darkon Barrel 1,Barril 1 - Darkon
PROPCTRL_TXT_000213,Darkon Ground Window,Janela de Chão - Darkon
PROPCTRL_TXT_000214,Darkon Light 1,Luz 1 - Darkon
PROPCTRL_TXT_000215,Darkon Mushroom 1,Cogumelo 1 - Darkon
PROPCTRL_TXT_000216,Darkon Tree 1,Árvore 1 - Darkon
PROPCTRL_TXT_000217,Darkon Plant,Planta - Darkon
PROPCTRL_TXT_000218,Azria Plant 1,Planta 1 - Azria
PROPCTRL_TXT_000219,Azria Tree 1,Árvore 1 - Azria
PROPCTRL_TXT_000220,Azria Light 1,Luz 1 - Azria
PROPCTRL_TXT_000221,Azria Rock 1,Pedra 1 - Azria
PROPCTRL_TXT_000222,Azria Mushroom 1,Cogumelo 1 - Azria
PROPCTRL_TXT_000223,Azria Chariot,Carroça - Azria
PROPCTRL_TXT_000224,Azria Crystal,Cristal - Azria
PROPCTRL_TXT_000225,Azria Grass 1,Grama 1 - Azria
PROPCTRL_TXT_000226,Azria Sign 1,Placa 1 - Azria
PROPCTRL_TXT_000227,Azria Box Pile,Pilha de Caixas - Azria
PROPCTRL_TXT_000228,Azria Box 1,Caixa - Azria
PROPCTRL_TXT_000229,Coral Island Tree 1,Árvore 1 - Ilha Coral
PROPCTRL_TXT_000230,Coral Island Shellfish 1,Marisco 1 - Ilha Coral
PROPCTRL_TXT_000231,Coral Island Coral 1,Coral 1 - Ilha Coral
PROPCTRL_TXT_000232,Coral Island Starfish 1,Estrela-do-mar 1 - Ilha Coral
PROPCTRL_TXT_000233,Coral Island Table 1,Mesa 1 - Ilha Coral
PROPCTRL_TXT_000234,Coral Island Beach Umbrella ,Guarda-sol - Ilha Coral 
PROPCTRL_TXT_000235,Basic Wall,Parede Básica
PROPCTRL_TXT_000236,Flaris Wall,Parede - Flaris
PROPCTRL_TXT_000237,Cove Wall,Parede de Angra
PROPCTRL_TXT_000238,Coral Island Wall,Parede - Ilha Coral
PROPCTRL_TXT_000239,Forsaken Wall,Parede Abandonada
PROPCTRL_TXT_000240,Secret Wall,Parede Secreta
PROPCTRL_TXT_000241,Colosseum Wall,Parede do Coliseu
PROPCTRL_TXT_000242,Darkon Light Wall,Parede Clara - Darkon
PROPCTRL_TXT_000243,Darkon Wooden Wall,Parede de Madeira - Darkon
PROPCTRL_TXT_000244,Darkon Metal Wall,Parede de Metal - Darkon
PROPCTRL_TXT_000245,Mechanical Wall,Parede Mecânica
PROPCTRL_TXT_000246,Cottage Wall,Parede de Chalé
PROPCTRL_TXT_000247,Ivillis Wall,Parede de Ivillis
PROPCTRL_TXT_000248,Royal Wall,Parede - Nobreza
PROPCTRL_TXT_000249,Plain Wall,Parede Lisa
PROPCTRL_TXT_000250,Deck Wall,Parede de Convés
PROPCTRL_TXT_000251,Forest Wall,Parede de Floresta
PROPCTRL_TXT_000252,Metallic Wall,Parede de Metal
PROPCTRL_TXT_000253,Construction Wall,Parede de Construção
PROPCTRL_TXT_000254,Saint Morning Wall,Parede - Saint Morning
PROPCTRL_TXT_000255,Basic Floor,Piso Básico
PROPCTRL_TXT_000256,White Floor,Piso (Branco)
PROPCTRL_TXT_000257,Bordered Cove Floor,Piso com Bordas - Angra
PROPCTRL_TXT_000258,Plain Cove Floor,Piso Simples - Angra
PROPCTRL_TXT_000259,Small Plank Floor,Piso de Tábuas Pequenas
PROPCTRL_TXT_000260,Crate Floor,Piso de Caixote
PROPCTRL_TXT_000261,Platform Floor,Piso de Plataforma
PROPCTRL_TXT_000262,Light Plank Floor,Piso de Tábuas Claras
PROPCTRL_TXT_000263,Light Brick Floor,Piso de Tijolos Claros
PROPCTRL_TXT_000264,Scrap Wood Floor,Piso de Madeira Restaurada
PROPCTRL_TXT_000265,Pale Wood Floor,Piso de Madeira Pálida
PROPCTRL_TXT_000266,Mossy Brick Floor,Piso de Tijolos com Musgo
PROPCTRL_TXT_000267,Shipwreck Floor,Piso de Naufrágio
PROPCTRL_TXT_000268,Construction Floor,Piso de Construção
PROPCTRL_TXT_000269,Mars Floor,Piso de Marte
PROPCTRL_TXT_000270,Forsaken Brick Floor,Piso de Tijolos Abandonados
PROPCTRL_TXT_000271,Ominous Floor,Piso Ominoso
PROPCTRL_TXT_000272,Golden Floor,Piso (Dourado)
PROPCTRL_TXT_000273,Bordered Secret Floor,Piso com Bordas - Secreto
PROPCTRL_TXT_000274,Plain Secret Floor,Piso Simples- Secreto
PROPCTRL_TXT_000275,Darkon Wooden Plain Floor,Piso de Madeira Simples - Darkon
PROPCTRL_TXT_000276,Darkon Wooden Mosaic Floor,Piso de Madeira em Mosaico - Darkon
PROPCTRL_TXT_000277,Forsaken Blue Floor,Piso - Abandonado (Azul)
PROPCTRL_TXT_000278,Plain Forsaken Blue Floor,Piso Simples - Abandonado (Azul)
PROPCTRL_TXT_000279,Wilds Floor,Piso - Selvagem
PROPCTRL_TXT_000280,Pebble Floor,Piso de Seixos
PROPCTRL_TXT_000281,Fortress Floor,Piso de Fortaleza
PROPCTRL_TXT_000282,Cracked Floor,Piso Rachado
PROPCTRL_TXT_000283,Volcanic Floor,Piso Vulcânico
PROPCTRL_TXT_000284,Modern Floor,Piso - Moderno
PROPCTRL_TXT_000285,Pipe Floor,Piso de Tubulação
PROPCTRL_TXT_000286,Darkon Metal Mosaic Floor,Piso de Mosaico Metálico - Darkon
PROPCTRL_TXT_000287,Darkon Metal Grid Lattice Floor,Piso de Grade Metálico - Darkon
PROPCTRL_TXT_000288,Darkon Metal Plain Floor,Piso Simples Metálico - Darkon
PROPCTRL_TXT_000289,Forged Floor,Piso Forjado
PROPCTRL_TXT_000290,Industrial Floor,Piso Industrial
PROPCTRL_TXT_000291,Colosseum Floor,Piso do Coliseu
PROPCTRL_TXT_000292,Dungeon Floor,Piso de Masmorra
PROPCTRL_TXT_000293,Bright Wooden Floor,Piso de Madeira (Brilhante)
PROPCTRL_TXT_000294,Honey Wooden Floor,Piso de Madeira (Mel)
PROPCTRL_TXT_000295,Ancient Floor,Piso - Antigo
PROPCTRL_TXT_000296,Pier Floor,Piso - Cais
PROPCTRL_TXT_000297,Dark Stacked Wooden Floor,Piso de Madeira Empilhada (Escuro)
PROPCTRL_TXT_000298,Light Stacked Wooden Floor,Piso de Madeira Empilhada (Claro)
PROPCTRL_TXT_000299,Dark Plank Floor,Piso de Tábuas (Escuro)
PROPCTRL_TXT_000300,Cracked Marble Floor,Piso de Mármore Rachado
PROPCTRL_TXT_000301,Battle Floor,Piso de Batalha
PROPCTRL_TXT_000302,Branch Floor,Piso de Galhos
PROPCTRL_TXT_000303,Tree Floor,Piso de Árvore
PROPCTRL_TXT_000304,Royal Carpet Floor,Piso de Tapete - Nobreza
PROPCTRL_TXT_000305,Rhisis Floor,Piso - Rhisis
PROPCTRL_TXT_000306,Dirt Floor,Piso de Terra
PROPCTRL_TXT_000307,Flarine Floor,Piso - Flarine
PROPCTRL_TXT_000308,Gravel Floor,Piso de Cascalho
PROPCTRL_TXT_000309,Bordered Plank Floor,Piso de Tábuas com Bordas
PROPCTRL_TXT_000310,Basic Ceiling,Teto Básico
PROPCTRL_TXT_000311,White Ceiling,Teto (Branco)
PROPCTRL_TXT_000312,Bordered Cove Ceiling,Teto com Bordas - Angra
PROPCTRL_TXT_000313,Plain Cove Ceiling,Teto Simples - Angra
PROPCTRL_TXT_000314,Small Plank Ceiling,Teto de Tábuas Pequenas
PROPCTRL_TXT_000315,Crate Ceiling,Teto de Caixote
PROPCTRL_TXT_000316,Platform Ceiling,Teto de Plataforma
PROPCTRL_TXT_000317,Light Plank Ceiling,Teto de Tábuas (Claro)
PROPCTRL_TXT_000318,Light Brick Ceiling,Teto de Tijolos (Claro)
PROPCTRL_TXT_000319,Scrap Wood Ceiling,Teto de Madeira Restaurada
PROPCTRL_TXT_000320,Pale Wood Ceiling,Teto de Madeira (Pálida)
PROPCTRL_TXT_000321,Mossy Brick Ceiling,Teto de Tijolos com Musgo
PROPCTRL_TXT_000322,Shipwreck Ceiling,Teto de Naufrágio
PROPCTRL_TXT_000323,Construction Ceiling,Teto de Construção
PROPCTRL_TXT_000324,Mars Ceiling,Teto de Marte
PROPCTRL_TXT_000325,Forsaken Brick Ceiling,Teto de Tijolos - Abandonado
PROPCTRL_TXT_000326,Ominous Ceiling,Teto Ominoso
PROPCTRL_TXT_000327,Golden Ceiling,Teto (Dourado)
PROPCTRL_TXT_000328,Bordered Secret Ceiling,Teto com Bordas - Segredo
PROPCTRL_TXT_000329,Plain Secret Ceiling,Teto Secreto Liso
PROPCTRL_TXT_000330,Darkon Wooden Plain Ceiling,Teto de Madeira Liso - Darkon
PROPCTRL_TXT_000331,Darkon Wooden Mosaic Ceiling,Teto de Madeira em Mosaico - Darkon
PROPCTRL_TXT_000332,Forsaken Blue Ceiling,Teto - Abandonado (Azul)
PROPCTRL_TXT_000333,Plain Forsaken Blue Ceiling,Teto Liso - Abandonado (Azul)
PROPCTRL_TXT_000334,Wilds Ceiling,Teto - Selvagem
PROPCTRL_TXT_000335,Pebble Ceiling,Teto de Seixos
PROPCTRL_TXT_000336,Fortress Ceiling,Teto de Fortaleza
PROPCTRL_TXT_000337,Cracked Ceiling,Teto Rachado
PROPCTRL_TXT_000338,Volcanic Ceiling,Teto Vulcânico
PROPCTRL_TXT_000339,Modern Ceiling,Teto - Moderno
PROPCTRL_TXT_000340,Pipe Ceiling,Teto de Tubulação
PROPCTRL_TXT_000341,Darkon Metal Mosaic Ceiling,Teto de Mosaico Metálico - Darkon
PROPCTRL_TXT_000342,Darkon Metal Grid Lattice Ceiling,Teto de Grade Metálica - Darkon
PROPCTRL_TXT_000343,Darkon Metal Plain Ceiling,Teto Liso Metálico - Darkon
PROPCTRL_TXT_000344,Forged Ceiling,Teto Forjado
PROPCTRL_TXT_000345,Industrial Ceiling,Teto Industrial
PROPCTRL_TXT_000346,Colosseum Ceiling,Teto do Coliseu
PROPCTRL_TXT_000347,Dungeon Ceiling,Teto de Masmorra
PROPCTRL_TXT_000348,Bright Wooden Ceiling,Teto de Madeira (Brilhante)
PROPCTRL_TXT_000349,Honey Wooden Ceiling,Teto de Madeira (Mel)
PROPCTRL_TXT_000350,Ancient Ceiling,Teto Antigo
PROPCTRL_TXT_000351,Pier Ceiling,Teto de Cais
PROPCTRL_TXT_000352,Dark Stacked Wooden Ceiling,Teto de Madeira Empilhada (Escuro)
PROPCTRL_TXT_000353,Light Stacked Wooden Ceiling,Teto de Madeira Empilhada (Claro)
PROPCTRL_TXT_000354,Dark Plank Ceiling,Teto de Tábuas (Escuro)
PROPCTRL_TXT_000355,Cracked Marble Ceiling,Teto de Mármore Rachado
PROPCTRL_TXT_000356,Battle Ceiling,Teto de Batalha
PROPCTRL_TXT_000357,Branch Ceiling,Teto de Galhos
PROPCTRL_TXT_000358,Tree Ceiling,Teto de Árvore
PROPCTRL_TXT_000359,Royal Carpet Ceiling,Teto de Tapete - Nobreza
PROPCTRL_TXT_000360,Rhisis Ceiling,Teto - Rhisis
PROPCTRL_TXT_000361,Dirt Ceiling,Teto de Terra
PROPCTRL_TXT_000362,Flarine Ceiling,Teto de Flarine
PROPCTRL_TXT_000363,Gravel Ceiling,Teto de Cascalho
PROPCTRL_TXT_000364,Bordered Plank Ceiling,Teto de Tábuas com Bordas
PROPCTRL_TXT_000365,Common Green Tree 2,Árvore Verde 2 - Simples
PROPCTRL_TXT_000366,Common Green Tree 3,Árvore Verde 3 - Simples
PROPCTRL_TXT_000367,Common Green Tree 4,Árvore Verde 4 - Simples
PROPCTRL_TXT_000368,Common Green Tree 5,Árvore Verde 5 - Simples
PROPCTRL_TXT_000369,Common Green Tree 6,Árvore Verde 6 - Simples
PROPCTRL_TXT_000370,Common Green Tree 7,Árvore Verde 7 - Simples
PROPCTRL_TXT_000371,Common Green Tree 8,Árvore Verde 8 - Simples
PROPCTRL_TXT_000372,Common Green Tree 9,Árvore Verde 9 - Simples
PROPCTRL_TXT_000373,Common Green Tree 10,Árvore Verde 10 - Simples
PROPCTRL_TXT_000374,Common Green Tree 11,Árvore Verde 11 - Simples
PROPCTRL_TXT_000375,Common Green Tree 12,Árvore Verde 12 - Simples
PROPCTRL_TXT_000376,Common Green Tree 13,Árvore Verde 13 - Simples
PROPCTRL_TXT_000377,Common Green Tree 14,Árvore Verde 14 - Simples
PROPCTRL_TXT_000378,Common Sakura Tree 2,Árvore de Cerejeira 2 - Simples
PROPCTRL_TXT_000379,Common Wooden Box 2,Caixa de Madeira 2 - Simples
PROPCTRL_TXT_000380,Common Wooden Box Pile 2,Pilha de Caixas 2 - Simples
PROPCTRL_TXT_000381,Common Wooden Box Pile 3,Pilha de Caixas 3 - Simples
PROPCTRL_TXT_000382,Common Wooden Box Pile 4,Pilha de Caixas 4 - Simples
PROPCTRL_TXT_000383,Common Wooden Barrel 2,Barril de Madeira 2 - Simples
PROPCTRL_TXT_000384,Common Wooden Barrel 3,Barril de Madeira 3 - Simples
PROPCTRL_TXT_000385,Common Wooden Barrel 4,Barril de Madeira 4 - Simples
PROPCTRL_TXT_000386,Common Wooden Barrel Pile 2,Pilha de Barris 2 - Simples
PROPCTRL_TXT_000387,Common Wooden Barrel Pile 3,Pilha de Barris 3 - Simples
PROPCTRL_TXT_000388,Common Wooden Barrel Pile 4,Pilha de Barris 4 - Simples
PROPCTRL_TXT_000389,Common Wooden Barrel Pile 5,Pilha de Barris 5 - Simples
PROPCTRL_TXT_000390,Common Wooden Barrel Pile 6,Pilha de Barris 6 - Simples
PROPCTRL_TXT_000391,Common Wooden Barrel Pile 7,Pilha de Barris 7 - Simples
PROPCTRL_TXT_000392,Common Wooden Barrel Pile 8,Pilha de Barris 8 - Simples
PROPCTRL_TXT_000393,Common Wooden Barrel Pile 9,Pilha de Barris 9 - Simples
PROPCTRL_TXT_000394,Common Wooden Barrel Pile 10,Pilha de Barris 10 - Simples
PROPCTRL_TXT_000395,Common Flowers 2,Flores 2 - Simples
PROPCTRL_TXT_000396,Common Flowers 3,Flores 3 - Simples
PROPCTRL_TXT_000397,Common Flowers 4,Flores 4 - Simples
PROPCTRL_TXT_000398,Common Flowers 5,Flores 5 - Simples
PROPCTRL_TXT_000399,Common Flowers 6,Flores 6 - Simples
PROPCTRL_TXT_000400,Common Flowers 7,Flores 7 - Simples
PROPCTRL_TXT_000401,Common Flowers 8,Flores 8 - Simples
PROPCTRL_TXT_000402,Common Grass 2,Grama 2 - Simples
PROPCTRL_TXT_000403,Common Grass 3,Grama 3 - Simples
PROPCTRL_TXT_000404,Common Grass 4,Grama 4 - Simples
PROPCTRL_TXT_000405,Common Grass 5,Grama 5 - Simples
PROPCTRL_TXT_000406,Common Grass 6,Grama 6 - Simples
PROPCTRL_TXT_000407,Common Grass 7,Grama 7 - Simples
PROPCTRL_TXT_000408,Common Grass 8,Grama 8 - Simples
PROPCTRL_TXT_000409,Common Grass 9,Grama 9 - Simples
PROPCTRL_TXT_000410,Common Grass 10,Grama 10 - Simples
PROPCTRL_TXT_000411,Common Grass 11,Grama 11 - Simples
PROPCTRL_TXT_000412,Common Grass 12,Grama 12 - Simples
PROPCTRL_TXT_000413,Common Grass 13,Grama 13 - Simples
PROPCTRL_TXT_000414,Common Mushroom 2,Cogumelo 2 - Simples
PROPCTRL_TXT_000415,Common Mushroom 3,Cogumelo 3 - Simples
PROPCTRL_TXT_000416,Common Mushroom 4,Cogumelo 4 - Simples
PROPCTRL_TXT_000417,Common Rock 2,Pedra 2 - Simples
PROPCTRL_TXT_000418,Common Rock 3,Pedra 3 - Simples
PROPCTRL_TXT_000419,Common Rock 4,Pedra 4 - Simples
PROPCTRL_TXT_000420,Common Rock 5,Pedra 5 - Simples
PROPCTRL_TXT_000421,Common Rock 6,Pedra 6 - Simples
PROPCTRL_TXT_000422,Common Rock 7,Pedra 7 - Simples
PROPCTRL_TXT_000423,Common Rock 8,Pedra 8 - Simples
PROPCTRL_TXT_000424,Common Rock 9,Pedra 9 - Simples
PROPCTRL_TXT_000425,Common Rock 10,Pedra 10 - Simples
PROPCTRL_TXT_000426,St Morning Rock Arch 2,Arco de Pedra 2 - Saint Morning
PROPCTRL_TXT_000427,St Morning Rock Arch 3,Arco de Pedra 3 - Saint Morning
PROPCTRL_TXT_000428,St Morning Flag 2,Bandeira 2 - Saint Morning
PROPCTRL_TXT_000429,St Morning Flag 3,Bandeira 3 - Saint Morning
PROPCTRL_TXT_000430,St Morning Flag 4,Bandeira 4 - Saint Morning
PROPCTRL_TXT_000431,St Morning Flag 5,Bandeira 5 - Saint Morning
PROPCTRL_TXT_000432,St Morning Rock 2,Pedra 2 - Saint Morning
PROPCTRL_TXT_000433,St Morning Rock 3,Pedra 3 - Saint Morning
PROPCTRL_TXT_000434,St Morning Rock 4,Pedra 4 - Saint Morning
PROPCTRL_TXT_000435,St Morning Rock 5,Pedra 5 - Saint Morning
PROPCTRL_TXT_000436,St Morning Rock 6,Pedra 6 - Saint Morning
PROPCTRL_TXT_000437,St Morning Rock 7,Pedra 7 - Saint Morning
PROPCTRL_TXT_000438,St Morning Rock 8,Pedra 8 - Saint Morning
PROPCTRL_TXT_000439,St Morning Rock 9,Pedra 9 - Saint Morning
PROPCTRL_TXT_000440,St Morning Rock 10,Pedra 10 - Saint Morning
PROPCTRL_TXT_000441,St Morning Rock 11,Pedra 11 - Saint Morning
PROPCTRL_TXT_000442,St Morning Rock 12,Pedra 12 - Saint Morning
PROPCTRL_TXT_000443,St Morning Rock 13,Pedra 13 - Saint Morning
PROPCTRL_TXT_000444,St Morning Rock 14,Pedra 14 - Saint Morning
PROPCTRL_TXT_000445,St Morning Rock 15,Pedra 15 - Saint Morning
PROPCTRL_TXT_000446,St Morning Light 2,Luz 2 - Saint Morning
PROPCTRL_TXT_000447,Darkon Wagon 2,Vagão 2 - Darkon
PROPCTRL_TXT_000448,Darkon Wagon 3,Vagão 3 - Darkon
PROPCTRL_TXT_000449,Darkon Wagon 4,Vagão 4 - Darkon
PROPCTRL_TXT_000450,Darkon Wagon 5,Vagão 5 - Darkon
PROPCTRL_TXT_000451,Darkon Sign 2,Placa 2 - Darkon
PROPCTRL_TXT_000452,Darkon Sign 3,Placa 3 - Darkon
PROPCTRL_TXT_000453,Darkon Sign 4,Placa 4 - Darkon
PROPCTRL_TXT_000454,Darkon Sign 5,Placa 5 - Darkon
PROPCTRL_TXT_000455,Darkon Sign 6,Placa 6 - Darkon
PROPCTRL_TXT_000456,Darkon Sign 7,Placa 7 - Darkon
PROPCTRL_TXT_000457,Darkon Big Box 2,Caixa Grande 2 - Darkon
PROPCTRL_TXT_000458,Darkon Big Box 3,Caixa Grande 3 - Darkon
PROPCTRL_TXT_000459,Darkon Big Box 4,Caixa Grande 4 - Darkon
PROPCTRL_TXT_000460,Darkon Big Box 5,Caixa Grande 5 - Darkon
PROPCTRL_TXT_000461,Darkon Brown Rock 2,Pedra Marrom 2 - Darkon
PROPCTRL_TXT_000462,Darkon Brown Rock 3,Pedra Marrom 3 - Darkon
PROPCTRL_TXT_000463,Darkon Brown Rock 4,Pedra Marrom 4 - Darkon
PROPCTRL_TXT_000464,Darkon Brown Rock 5,Pedra Marrom 5 - Darkon
PROPCTRL_TXT_000465,Darkon Brown Rock 6,Pedra Marrom 6 - Darkon
PROPCTRL_TXT_000466,Darkon Brown Rock 7,Pedra Marrom 7 - Darkon
PROPCTRL_TXT_000467,Darkon Barrel 2,Barril 2 - Darkon
PROPCTRL_TXT_000468,Darkon Light 2,Luz 2 - Darkon
PROPCTRL_TXT_000469,Darkon Light 3,Luz 3 - Darkon
PROPCTRL_TXT_000470,Darkon Light 4,Luz 4 - Darkon
PROPCTRL_TXT_000471,Darkon Light 5,Luz 5 - Darkon
PROPCTRL_TXT_000472,Darkon Light 6,Luz 6 - Darkon
PROPCTRL_TXT_000473,Darkon Mushroom 2,Cogumelo 2 - Darkon
PROPCTRL_TXT_000474,Darkon Mushroom 3,Cogumelo 3 - Darkon
PROPCTRL_TXT_000475,Darkon Mushroom 4,Cogumelo 4 - Darkon
PROPCTRL_TXT_000476,Darkon Mushroom 5,Cogumelo 5 - Darkon
PROPCTRL_TXT_000477,Darkon Tree 2,Árvore 2 - Darkon
PROPCTRL_TXT_000478,Darkon Tree 3,Árvore 3 - Darkon
PROPCTRL_TXT_000479,Darkon Tree 4,Árvore 4 - Darkon
PROPCTRL_TXT_000480,Darkon Tree 5,Árvore 5 - Darkon
PROPCTRL_TXT_000481,Darkon Tree 6,Árvore 6 - Darkon
PROPCTRL_TXT_000482,Darkon Tree 7,Árvore 7 - Darkon
PROPCTRL_TXT_000483,Darkon Tree 8,Árvore 8 - Darkon
PROPCTRL_TXT_000484,Darkon Tree 9,Árvore 9 - Darkon
PROPCTRL_TXT_000485,Azria Plant 2,Planta 2 - Azria
PROPCTRL_TXT_000486,Azria Plant 3,Planta 3 - Azria
PROPCTRL_TXT_000487,Azria Plant 4,Planta 4 - Azria
PROPCTRL_TXT_000488,Azria Plant 5,Planta 5 - Azria
PROPCTRL_TXT_000489,Azria Tree 2,Árvore 2 - Azria
PROPCTRL_TXT_000490,Azria Tree 3,Árvore 3 - Azria
PROPCTRL_TXT_000491,Azria Tree 4,Árvore 4 - Azria
PROPCTRL_TXT_000492,Azria Tree 5,Árvore 5 - Azria
PROPCTRL_TXT_000493,Azria Tree 6,Árvore 6 - Azria
PROPCTRL_TXT_000494,Azria Tree 7,Árvore 7 - Azria
PROPCTRL_TXT_000495,Azria Tree 8,Árvore 8 - Azria
PROPCTRL_TXT_000496,Azria Tree 9,Árvore 9 - Azria
PROPCTRL_TXT_000497,Azria Tree 10,Árvore 10 - Azria
PROPCTRL_TXT_000498,Azria Tree 11,Árvore 11 - Azria
PROPCTRL_TXT_000499,Azria Tree 12,Árvore 12 - Azria
PROPCTRL_TXT_000500,Azria Tree 13,Árvore 13 - Azria
PROPCTRL_TXT_000501,Azria Tree 14,Árvore 14 - Azria
PROPCTRL_TXT_000502,Azria Tree 15,Árvore 15 - Azria
PROPCTRL_TXT_000503,Azria Tree 16,Árvore 16 - Azria
PROPCTRL_TXT_000504,Azria Tree 17,Árvore 17 - Azria
PROPCTRL_TXT_000505,Azria Tree 18,Árvore 18 - Azria
PROPCTRL_TXT_000506,Azria Tree 19,Árvore 19 - Azria
PROPCTRL_TXT_000507,Azria Tree 20,Árvore 20 - Azria
PROPCTRL_TXT_000508,Azria Tree 21,Árvore 21 - Azria
PROPCTRL_TXT_000509,Azria Light 2,Luz 2 - Azria
PROPCTRL_TXT_000510,Azria Light 3,Luz 3 - Azria
PROPCTRL_TXT_000511,Azria Rock 2,Pedra 2 - Azria
PROPCTRL_TXT_000512,Azria Rock 3,Pedra 3 - Azria
PROPCTRL_TXT_000513,Azria Rock 4,Pedra 4 - Azria
PROPCTRL_TXT_000514,Azria Rock 5,Pedra 5 - Azria
PROPCTRL_TXT_000515,Azria Rock 6,Pedra 6 - Azria
PROPCTRL_TXT_000516,Azria Rock 7,Pedra 7 - Azria
PROPCTRL_TXT_000517,Azria Rock 8,Pedra 8 - Azria
PROPCTRL_TXT_000518,Azria Rock 9,Pedra 9 - Azria
PROPCTRL_TXT_000519,Azria Rock 10,Pedra 10 - Azria
PROPCTRL_TXT_000520,Azria Rock 11,Pedra 11 - Azria
PROPCTRL_TXT_000521,Azria Rock 12,Pedra 12 - Azria
PROPCTRL_TXT_000522,Azria Rock 13,Pedra 13 - Azria
PROPCTRL_TXT_000523,Azria Mushroom 2,Cogumelo 2 - Azria
PROPCTRL_TXT_000524,Azria Mushroom 3,Cogumelo 3 - Azria
PROPCTRL_TXT_000525,Azria Mushroom 4,Cogumelo 4 - Azria
PROPCTRL_TXT_000526,Azria Grass 2,Grama 2 - Azria
PROPCTRL_TXT_000527,Azria Grass 3,Grama 3 - Azria
PROPCTRL_TXT_000528,Azria Sign 2,Placa 2 - Azria
PROPCTRL_TXT_000529,Azria Sign 3,Placa 3 - Azria
PROPCTRL_TXT_000530,Azria Sign 4,Placa 4 - Azria
PROPCTRL_TXT_000531,Azria Box 2,Caixa 2 - Azria
PROPCTRL_TXT_000532,Coral Island Tree 2,Árvore 2 - Ilha Coral
PROPCTRL_TXT_000533,Coral Island Shellfish 2,Marisco 2 - Ilha Coral
PROPCTRL_TXT_000534,Coral Island Shellfish 3,Marisco 3 - Ilha Coral
PROPCTRL_TXT_000535,Coral Island Shellfish 4,Marisco 4 - Ilha Coral
PROPCTRL_TXT_000536,Coral Island Shellfish 5,Marisco 5 - Ilha Coral
PROPCTRL_TXT_000537,Coral Island Shellfish 6,Marisco 6 - Ilha Coral
PROPCTRL_TXT_000538,Coral Island Shellfish 7,Marisco 7 - Ilha Coral
PROPCTRL_TXT_000539,Coral Island Shellfish 8,Marisco 8 - Ilha Coral
PROPCTRL_TXT_000540,Coral Island Shellfish 9,Marisco 9 - Ilha Coral
PROPCTRL_TXT_000541,Coral Island Coral 2,Coral 2 - Ilha Coral
PROPCTRL_TXT_000542,Coral Island Coral 3,Coral 3 - Ilha Coral
PROPCTRL_TXT_000543,Coral Island Coral 4,Coral 4 - Ilha Coral
PROPCTRL_TXT_000544,Coral Island Coral 5,Coral 5 - Ilha Coral
PROPCTRL_TXT_000545,Coral Island Coral 6,Coral 6 - Ilha Coral
PROPCTRL_TXT_000546,Coral Island Coral 7,Coral 7 - Ilha Coral
PROPCTRL_TXT_000547,Coral Island Coral 8,Coral 8 - Ilha Coral
PROPCTRL_TXT_000548,Coral Island Coral 9,Coral 9 - Ilha Coral
PROPCTRL_TXT_000549,Coral Island Coral 10,Coral 10 - Ilha Coral
PROPCTRL_TXT_000550,Coral Island Coral 11,Coral 11 - Ilha Coral
PROPCTRL_TXT_000551,Coral Island Coral 12,Coral 12 - Ilha Coral
PROPCTRL_TXT_000552,Coral Island Starfish 2,Estrela-do-mar 2 - Ilha Coral
PROPCTRL_TXT_000553,Coral Island Starfish 3,Estrela-do-mar 3 - Ilha Coral
PROPCTRL_TXT_000554,Coral Island Table 2,Mesa 2 - Ilha Coral
PROPCTRL_TXT_000555,Flaris Pot 2,Pote 2 - Flaris
PROPCTRL_TXT_000556,Flaris Fence 2,Cerca 2 - Flaris
PROPCTRL_TXT_000557,Flaris Fence 3,Cerca 3 - Flaris
PROPCTRL_TXT_000558,Flaris Fence 4,Cerca 4 - Flaris
PROPCTRL_TXT_000559,Flaris Fence 5,Cerca 5 - Flaris
PROPCTRL_TXT_000560,Flaris Fence 6,Cerca 6 - Flaris
PROPCTRL_TXT_000561,1st Anniversary Flaris Cake,Bolo do 1º Aniversário - Flaris
PROPCTRL_TXT_000562,1st Anniversary Saint Morning Cake,Bolo do 1º Aniversário - Saint Morning
PROPCTRL_TXT_000563,1st Anniversary Darkon Cake,Bolo do 1º Aniversário - Darkon
PROPCTRL_TXT_000564,2nd Anniversary Flaris Cake,Bolo do 2º Aniversário - Flaris
PROPCTRL_TXT_000565,2nd Anniversary Saint Morning Cake,Bolo do 2º Aniversário - Saint Morning
PROPCTRL_TXT_000566,2nd Anniversary Darkon Cake,Bolo do 2º Aniversário - Darkon
PROPCTRL_TXT_000567,2nd Anniversary Presents 1,Presentes 1 - 2º Aniversário
PROPCTRL_TXT_000568,2nd Anniversary Presents 2,Presentes 2 - 2º Aniversário
PROPCTRL_TXT_000569,2nd Anniversary Arch 1,Arco 1 -  2º Aniversário
PROPCTRL_TXT_000570,Luxury Chandelier,Lustre - Luxo
PROPCTRL_TXT_000571,Luxury Table,Mesa - Luxo
PROPCTRL_TXT_000572,Luxury Dressing Table,Cômoda - Luxo
PROPCTRL_TXT_000573,Luxury Wardrobe,Guarda-roupa - Luxo
PROPCTRL_TXT_000574,Luxury Bookcase,Estante - Luxo
PROPCTRL_TXT_000575,Luxury Sofa,Sofá - Luxo
PROPCTRL_TXT_000576,Luxury Armchair,Poltrona - Luxo
PROPCTRL_TXT_000577,Luxury Chair,Cadeira - Luxo
PROPCTRL_TXT_000578,Luxury Bed,Cama - Luxo
PROPCTRL_TXT_000579,Ordinary Herb,Ordinary Herb
PROPCTRL_TXT_000580,Regular Herb,Regular Herb
PROPCTRL_TXT_000581,Unique Herb,Unique Herb
PROPCTRL_TXT_000582,Rare Herb,Rare Herb
PROPCTRL_TXT_000583,Legendary Herb,Legendary Herb
PROPCTRL_TXT_000584,Ordinary Tree,Ordinary Tree
PROPCTRL_TXT_000585,Regular Tree,Regular Tree
PROPCTRL_TXT_000586,Unique Tree,Unique Tree
PROPCTRL_TXT_000587,Rare Tree,Rare Tree
PROPCTRL_TXT_000588,Legendary Tree,Legendary Tree
PROPCTRL_TXT_000589,Ordinary Ore,Ordinary Ore
PROPCTRL_TXT_000590,Regular Ore,Regular Ore
PROPCTRL_TXT_000591,Unique Ore,Unique Ore
PROPCTRL_TXT_000592,Rare Ore,Rare Ore
PROPCTRL_TXT_000593,Legendary Ore,Legendary Ore
PROPCTRL_TXT_000594,Alchemy Desk,Alchemy Desk
PROPCTRL_TXT_000595,Hearth,Hearth
PROPCTRL_TXT_000596,Carpentry Workspace,Carpentry Workspace
PROPCTRL_TXT_000597,Smithing Workspace,Smithing Workspace
PROPCTRL_TXT_000598,Halloween Pumpkin,Halloween Pumpkin
PROPCTRL_TXT_000599,Message Sign,Message Sign
PROPCTRL_TXT_000600,Medieval Bed,Medieval Bed
PROPCTRL_TXT_000601,Medieval Sofa,Medieval Sofa
PROPCTRL_TXT_000602,Medieval Armchair,Medieval Armchair
PROPCTRL_TXT_000603,Medieval Bookcase,Medieval Bookcase
PROPCTRL_TXT_000604,Medieval Wardrobe,Medieval Wardrobe
PROPCTRL_TXT_000605,Medieval Table,Medieval Table
PROPCTRL_TXT_000606,Medieval Chair,Medieval Chair
PROPCTRL_TXT_000607,Medieval Floor Lamp,Medieval Floor Lamp
PROPCTRL_TXT_000608,Medieval Drawer,Medieval Drawer
PROPCTRL_TXT_000609,Halloween 2024 Bed,Halloween 2024 Bed
PROPCTRL_TXT_000610,Halloween 2024 Sofa,Halloween 2024 Sofa
PROPCTRL_TXT_000611,Halloween 2024 Armchair,Halloween 2024 Armchair
PROPCTRL_TXT_000612,Halloween 2024 Bookcase,Halloween 2024 Bookcase
PROPCTRL_TXT_000613,Halloween 2024 Wardrobe,Halloween 2024 Wardrobe
PROPCTRL_TXT_000614,Halloween 2024 Table,Halloween 2024 Table
PROPCTRL_TXT_000615,Halloween 2024 Chair,Halloween 2024 Chair
PROPCTRL_TXT_000616,Halloween 2024 Lantern,Halloween 2024 Lantern
PROPCTRL_TXT_000617,Halloween 2024 Drawer,Halloween 2024 Drawer
PROPCTRL_TXT_000618,Flaris House 1,Flaris House 1
PROPCTRL_TXT_000619,Flaris House 2,Flaris House 2
PROPCTRL_TXT_000620,Flaris House 3,Flaris House 3
PROPCTRL_TXT_000621,Flaris House 4,Flaris House 4
PROPCTRL_TXT_000622,Flaris House 5,Flaris House 5
PROPCTRL_TXT_000623,Flaris House 6,Flaris House 6
PROPCTRL_TXT_000624,Flaris House 7,Flaris House 7
PROPCTRL_TXT_000625,Flaris House 8,Flaris House 8
PROPCTRL_TXT_000626,Flaris House 9,Flaris House 9
PROPCTRL_TXT_000627,Flaris House 10,Flaris House 10
PROPCTRL_TXT_000628,Saint Morning House 1,Saint Morning House 1
PROPCTRL_TXT_000629,Saint Morning House 2,Saint Morning House 2
PROPCTRL_TXT_000630,Saint Morning House 3,Saint Morning House 3
PROPCTRL_TXT_000631,Saint Morning House 4,Saint Morning House 4
PROPCTRL_TXT_000632,Saint Morning House 5,Saint Morning House 5
PROPCTRL_TXT_000633,Saint Morning House 6,Saint Morning House 6
PROPCTRL_TXT_000634,Saint Morning House 7,Saint Morning House 7
PROPCTRL_TXT_000635,Saint Morning House 8,Saint Morning House 8
PROPCTRL_TXT_000636,Saint Morning House 9,Saint Morning House 9
PROPCTRL_TXT_000637,Saint Morning House 10,Saint Morning House 10
PROPCTRL_TXT_000638,Saint Morning House 11,Saint Morning House 11
PROPCTRL_TXT_000639,Pumpkin Town House 1,Pumpkin Town House 1
PROPCTRL_TXT_000640,Pumpkin Town House 2,Pumpkin Town House 2
PROPCTRL_TXT_000641,Pumpkin Town House 3,Pumpkin Town House 3
PROPCTRL_TXT_000642,Darkon House 1,Darkon House 1
PROPCTRL_TXT_000643,Darkon House 2,Darkon House 2
PROPCTRL_TXT_000644,Darkon House 3,Darkon House 3
PROPCTRL_TXT_000645,Darkon House 4,Darkon House 4
PROPCTRL_TXT_000646,Darkon House 5,Darkon House 5
PROPCTRL_TXT_000647,Azria House 1,Azria House 1
PROPCTRL_TXT_000648,Azria House 2,Azria House 2
PROPCTRL_TXT_000649,Azria House 3,Azria House 3
PROPCTRL_TXT_000650,Azria House 4,Azria House 4
PROPCTRL_TXT_000651,Flaris Street Lamp,Flaris Street Lamp
PROPCTRL_TXT_000652,Flaris Tent 1,Flaris Tent 1
PROPCTRL_TXT_000653,Madrigal Floating Sign 1,Madrigal Floating Sign 1
PROPCTRL_TXT_000654,Madrigal Floating Sign 2,Madrigal Floating Sign 2
PROPCTRL_TXT_000655,Madrigal No-fly Sign,Madrigal No-fly Sign
PROPCTRL_TXT_000656,Madrigal Floating Ring,Madrigal Floating Ring
PROPCTRL_TXT_000657,Flaris Box and cover,Flaris Box and cover
PROPCTRL_TXT_000658,Magic Crystal Object,Magic Crystal Object
PROPCTRL_TXT_000659,Flaris Tent 2,Flaris Tent 2
PROPCTRL_TXT_000662,Flaris Carriage,Flaris Carriage
PROPCTRL_TXT_000663,Flaris Torch,Flaris Torch
PROPCTRL_TXT_000664,Flaris Floating Island,Flaris Floating Island
PROPCTRL_TXT_000665,Saint Morning Lighthouse,Saint Morning Lighthouse
PROPCTRL_TXT_000666,Saint Morning Crane,Saint Morning Crane
PROPCTRL_TXT_000667,Saint Morning Campfire,Saint Morning Campfire
PROPCTRL_TXT_000668,Saint Morning Palm Tree,Saint Morning Palm Tree
PROPCTRL_TXT_000669,Saint Morning Pumpkin Fence,Saint Morning Pumpkin Fence
PROPCTRL_TXT_000670,Saint Morning Scarecrow,Saint Morning Scarecrow
PROPCTRL_TXT_000672,Saint Morning Cactus 1,Saint Morning Cactus 1
PROPCTRL_TXT_000673,Saint Morning Cactus 2,Saint Morning Cactus 2
PROPCTRL_TXT_000674,Saint Morning Cactus 3,Saint Morning Cactus 3
PROPCTRL_TXT_000675,Rhisis Stone Pillar 1,Rhisis Stone Pillar 1
PROPCTRL_TXT_000676,Rhisis Stone Pillar 2,Rhisis Stone Pillar 2
PROPCTRL_TXT_000677,Rhisis Broken Temple,Rhisis Broken Temple
PROPCTRL_TXT_000678,Darkon Steel Frame 1,Darkon Steel Frame 1
PROPCTRL_TXT_000679,Darkon Steel Frame 2,Darkon Steel Frame 2
PROPCTRL_TXT_000680,Darkon Structure,Darkon Structure
PROPCTRL_TXT_000681,Darkon Water Tank,Darkon Water Tank
PROPCTRL_TXT_000682,Darkon Large crane,Darkon Large crane
PROPCTRL_TXT_000683,Darkon Dirt pile,Darkon Dirt pile
PROPCTRL_TXT_000684,Darkon Shack,Darkon Shack
PROPCTRL_TXT_000685,Darkon Market,Darkon Market
PROPCTRL_TXT_000686,Darkon Tree Bark,Darkon Tree Bark
PROPCTRL_TXT_000687,Darkon Fossil,Darkon Fossil
PROPCTRL_TXT_000688,Darkon Large Fossil,Darkon Large Fossil
PROPCTRL_TXT_000689,Guardiane Structure,Guardiane Structure
PROPCTRL_TXT_000690,Guardiane Platform,Guardiane Platform
PROPCTRL_TXT_000691,Azria Ground Window,Azria Ground Window
PROPCTRL_TXT_000692,Azria Large Crane,Azria Large Crane
PROPCTRL_TXT_000693,Azria Water Tank,Azria Water Tank
PROPCTRL_TXT_000694,Azria Arch,Azria Arch
PROPCTRL_TXT_000695,Azria Stone Pile,Azria Stone Pile
PROPCTRL_TXT_000696,Azria Stone Pillar,Azria Stone Pillar
PROPCTRL_TXT_000697,Azria Stone Tower,Azria Stone Tower
PROPCTRL_TXT_000698,Coral Island Wrecked Ship Part,Coral Island Wrecked Ship Part
PROPCTRL_TXT_000699,Coral Island Wrecked Ship,Coral Island Wrecked Ship
PROPCTRL_TXT_000700,Coral Island Sea Weed 1,Coral Island Sea Weed 1
PROPCTRL_TXT_000701,Coral Island Sea Weed 2,Coral Island Sea Weed 2
PROPCTRL_TXT_000702,Coral Island Sea Weed 3,Coral Island Sea Weed 3
PROPCTRL_TXT_000703,Coral Island Coral Platform,Coral Island Coral Platform
PROPCTRL_TXT_000704,Coral Island Coral 13,Coral Island Coral 13
PROPCTRL_TXT_000705,Coral Island Coral 14,Coral Island Coral 14
PROPCTRL_TXT_000706,Coral Island Coral 15,Coral Island Coral 15
PROPCTRL_TXT_000707,Coral Island Coral 16,Coral Island Coral 16
PROPCTRL_TXT_000708,Coral Island Campfire,Coral Island Campfire
PROPCTRL_TXT_000709,Saint Morning Wall Pillar,Saint Morning Wall Pillar
PROPCTRL_TXT_000710,Neon Valentines Black Lamp,Neon Valentines Black Lamp
PROPCTRL_TXT_000711,Neon Valentines Black Desk,Neon Valentines Black Desk
PROPCTRL_TXT_000712,Neon Valentines Black Drawer,Neon Valentines Black Drawer
PROPCTRL_TXT_000713,Neon Valentines Black Dresser,Neon Valentines Black Dresser
PROPCTRL_TXT_000714,Neon Valentines Black Bookshelf,Neon Valentines Black Bookshelf
PROPCTRL_TXT_000715,Neon Valentines Black Chair,Neon Valentines Black Chair
PROPCTRL_TXT_000716,Neon Valentines Black Bath,Neon Valentines Black Bath
PROPCTRL_TXT_000717,Neon Valentines Black Bed,Neon Valentines Black Bed
PROPCTRL_TXT_000718,Neon Valentines Black Sofa,Neon Valentines Black Sofa
PROPCTRL_TXT_000719,Neon Valentines White Lamp,Neon Valentines White Lamp
PROPCTRL_TXT_000720,Neon Valentines White Desk,Neon Valentines White Desk
PROPCTRL_TXT_000721,Neon Valentines White Drawer,Neon Valentines White Drawer
PROPCTRL_TXT_000722,Neon Valentines White Dresser,Neon Valentines White Dresser
PROPCTRL_TXT_000723,Neon Valentines White Bookshelf,Neon Valentines White Bookshelf
PROPCTRL_TXT_000724,Neon Valentines White Chair,Neon Valentines White Chair
PROPCTRL_TXT_000725,Neon Valentines White Bath,Neon Valentines White Bath
PROPCTRL_TXT_000726,Neon Valentines White Bed,Neon Valentines White Bed
PROPCTRL_TXT_000727,Neon Valentines White Sofa,Neon Valentines White Sofa
PROPCTRL_TXT_000728,Pastel Bed,Pastel Bed
PROPCTRL_TXT_000729,Pastel Sofa,Pastel Sofa
PROPCTRL_TXT_000730,Pastel Stool,Pastel Stool
PROPCTRL_TXT_000731,Pastel Bookshelf,Pastel Bookshelf
PROPCTRL_TXT_000732,Pastel Lamp,Pastel Lamp
PROPCTRL_TXT_000733,Pastel Desk,Pastel Desk
PROPCTRL_TXT_000734,Pastel Chair,Pastel Chair
PROPCTRL_TXT_000735,Pastel Nightstand,Pastel Nightstand
PROPCTRL_TXT_000736,Pastel Bathtub,Pastel Bathtub
PROPCTRL_TXT_000737,[Event] Chroma Ore,[Event] Chroma Ore
PROPCTRL_TXT_000738,Statue Base,Statue Base
PROPCTRL_TXT_000739,3rd Anniversary Flaris Cake,3rd Anniversary Flaris Cake
PROPCTRL_TXT_000740,3rd Anniversary Saint Morning Cake,3rd Anniversary Saint Morning Cake
PROPCTRL_TXT_000741,3rd Anniversary Darkon Cake,3rd Anniversary Darkon Cake
PROPCTRL_TXT_000742,Dungeon Warp 07,Dungeon Warp 07
